number,author,participant,commit_len,base_commit_sha,first_commit_sha,merge_commit_sha,created_at,merged_at,merged_by
3,grosser,thomas-mcdonald,1,b4761c78c45a0f27429b73eaa06d165cfdd74c4b,2f139dcb921cb3c64003896d998af67fe2812c34,2f139dcb921cb3c64003896d998af67fe2812c34,2011-10-12 06:59:24,2011-10-12 10:30:06,thomas-mcdonald
4,bbenezech,thomas-mcdonald,1,452e94c18441d68c6167035aa91354f46b7c85c9,533ece86ba35c30206a4f9d5e9854c1be69188cb,533ece86ba35c30206a4f9d5e9854c1be69188cb,2011-10-12 15:43:07,2011-10-12 15:48:19,thomas-mcdonald
5,scpike,thomas-mcdonald,1,04df4de50a8b827f34f51b370480b55ff9d478f8,088d32e27295161b62bd8b871787ce622f0b10f1,088d32e27295161b62bd8b871787ce622f0b10f1,2011-10-12 22:15:14,2011-10-22 13:49:30,thomas-mcdonald
9,derekprior,thomas-mcdonald,1,2776b45166896c661603d4442264f2c798196645,65786e9c3ed9532cdeb92195fe411fc13574bb63,65786e9c3ed9532cdeb92195fe411fc13574bb63,2011-11-14 03:08:09,2011-11-15 07:25:10,thomas-mcdonald
10,JonathonMA,thomas-mcdonald,1,6695a6dcf0910678ba3c9e26daa04d869b21ca20,6cb01d85072cecd07900ba087e863f74f304cebf,6cb01d85072cecd07900ba087e863f74f304cebf,2011-11-17 10:25:29,2011-11-18 09:12:02,thomas-mcdonald
11,bernardo,thomas-mcdonald,1,628a8f62e5f52ce0ec398fe0eceeacb72f1e8203,5cd8a7cee240f5820afe606079e93c89ce3d60d5,5cd8a7cee240f5820afe606079e93c89ce3d60d5,2011-11-23 04:11:02,2011-11-29 17:31:47,thomas-mcdonald
13,chopan,thomas-mcdonald,1,628a8f62e5f52ce0ec398fe0eceeacb72f1e8203,ae4e7e87389bd87aa08cbc44e60a051eb1261374,ae4e7e87389bd87aa08cbc44e60a051eb1261374,2011-11-25 20:59:40,2011-12-02 22:07:47,thomas-mcdonald
18,bkerley,thomas-mcdonald,1,47187a2249cbde721662b5283dfe6732215d4817,5c14bb4fb16ecec4e201d63b50235df159b55e8e,5c14bb4fb16ecec4e201d63b50235df159b55e8e,2011-12-20 22:33:53,2011-12-23 12:08:30,thomas-mcdonald
20,rwjblue,thomas-mcdonald,3,47187a2249cbde721662b5283dfe6732215d4817,2ae648370e0666565253da9a72bae48563d741e2,2cf32b06115794a8ae2453c3e352bebdc9d43c42,2011-12-23 03:47:24,2012-01-17 16:48:49,thomas-mcdonald
56,thetamind,thomas-mcdonald,1,6c37fa981b14502748f0935bd385e11ccc965a3f,82ea8a65ac8f97662b4f3b5b921ae38556d64fb9,82ea8a65ac8f97662b4f3b5b921ae38556d64fb9,2012-02-07 18:43:36,2012-02-17 08:41:40,thomas-mcdonald
85,masterkain,dnagir,1,1544d335cc177f0a083fd8da8d5d5de36986bdfe,b6b9e2342cda7256baff535c4d89c489ff12938d,b6b9e2342cda7256baff535c4d89c489ff12938d,2012-03-12 22:16:44,2012-03-12 22:41:30,thomas-mcdonald
114,cabgfx,aaronchi,1,4a8dc21e8637ec0bfdacbe8d0c035021f40bf78f,c5b24a1347b7f4c4764714621b4372bb47fe30ff,c5b24a1347b7f4c4764714621b4372bb47fe30ff,2012-04-17 10:11:04,2012-05-06 17:57:10,thomas-mcdonald
207,toxaq,thomas-mcdonald,1,f201b26d9b4eb5b0ab3a813bfeccd854bdfd4f39,04b02d61542cb61476e1fb8b42b8e2269ef81135,04b02d61542cb61476e1fb8b42b8e2269ef81135,2012-09-12 04:52:21,2012-09-18 22:10:11,thomas-mcdonald
208,behrends,thomas-mcdonald,1,f201b26d9b4eb5b0ab3a813bfeccd854bdfd4f39,87aa874c7f0f3e7ddbb1a7771f3b57d4f8773add,87aa874c7f0f3e7ddbb1a7771f3b57d4f8773add,2012-09-12 07:29:37,2012-09-18 22:09:43,thomas-mcdonald
214,wndxlori,kiere,4,f201b26d9b4eb5b0ab3a813bfeccd854bdfd4f39,444409bd59e1a34f5440b83c1e75cb48e260c147,2803b00c1ddf2c981624eac9998c26d7347232c2,2012-09-17 21:38:11,2012-10-16 18:29:24,thomas-mcdonald
222,jasononeil,thomas-mcdonald,1,2a7c21d40692b512c02deb730fe8caefe1e474da,549e53829abc75dd22668716dca768e62c0ba716,549e53829abc75dd22668716dca768e62c0ba716,2012-10-02 03:58:19,2012-10-16 18:30:36,thomas-mcdonald
227,theo-bittencourt,thomas-mcdonald,1,2a7c21d40692b512c02deb730fe8caefe1e474da,90ec4aaae4247c138606be517cb4045800237687,90ec4aaae4247c138606be517cb4045800237687,2012-10-10 02:36:38,2012-10-16 18:34:32,thomas-mcdonald
228,agis,jwswj,1,2a7c21d40692b512c02deb730fe8caefe1e474da,adb78e0b32e60ac9e71d5905767cf446e91f4e71,adb78e0b32e60ac9e71d5905767cf446e91f4e71,2012-10-10 21:54:24,2012-10-16 18:34:56,thomas-mcdonald
231,sguha00,rubenrails,1,2a7c21d40692b512c02deb730fe8caefe1e474da,21f6f0f5582407a513ecdebf0da334a4d775502f,21f6f0f5582407a513ecdebf0da334a4d775502f,2012-10-12 23:12:19,2012-10-16 18:37:21,thomas-mcdonald
241,asecondwill,thomas-mcdonald,1,dabed1ecbc10fd79f18e48e579db7336e782d676,36b5922c85e38f2552b31926c902f8160292126f,36b5922c85e38f2552b31926c902f8160292126f,2012-10-25 05:43:45,2012-10-26 10:18:05,thomas-mcdonald
242,mhlavac,thomas-mcdonald,1,dabed1ecbc10fd79f18e48e579db7336e782d676,e7f84b62a7d10d9eebd4a461d7551dcbb9af67e3,e7f84b62a7d10d9eebd4a461d7551dcbb9af67e3,2012-10-25 21:30:04,2012-10-26 10:17:09,thomas-mcdonald
246,trisweb,m5o,21,7683418d92901567ebb55dd9f1e5e5aae9fbde9e,776583f08ec49788e677d3c679aa2b926eb59185,331b98a6075f045f937d126ec416428cc6830054,2012-11-01 13:47:41,2012-11-17 13:23:54,thomas-mcdonald
258,umairsiddique,kaluznyo,2,a775dd6978ea51b8f8d6b19d6563107687874095,d37e15008d4c3e26d930006174c7326babef1611,274d5250326bc18cf61a2e20208b2a9042fe4b92,2012-11-18 12:24:50,2012-11-18 18:10:20,trisweb
260,trisweb,thomas-mcdonald,1,c281f39bde853e389b6740d01b6bfc2752838a75,41d921990298c4dc7d20d97b64d724f6008ef853,41d921990298c4dc7d20d97b64d724f6008ef853,2012-11-19 19:42:08,2013-02-08 11:08:25,thomas-mcdonald
266,petedmarsh,trisweb,1,c281f39bde853e389b6740d01b6bfc2752838a75,37d3bcce7e3ad5fec8984cbaf00375962df635b8,37d3bcce7e3ad5fec8984cbaf00375962df635b8,2012-12-03 11:36:03,2012-12-09 12:51:51,thomas-mcdonald
270,trisweb,m5o,3,794d52a3cd89203bdbabba1b885f80af7f20fc67,b80a5ff7da58973d1ce3ce7dcfbcded76f595dc2,9fea2b937d8508e6cd21330a3599ecfa1f0986d4,2012-12-11 16:31:42,2012-12-22 12:42:34,thomas-mcdonald
275,timoschilling,thomas-mcdonald,1,ce312e5b1d52cac4e645d27d4151f2bdff89c43a,ff67fb58ff918ee4a6f4e8359411a88a28083f08,ff67fb58ff918ee4a6f4e8359411a88a28083f08,2013-01-11 02:34:39,2013-01-13 20:49:00,thomas-mcdonald
279,theverything,thomas-mcdonald,1,d82477860e1e5d16e9bc32ebfe3c31d432bef920,e8660079f50955367b8aad035ae85c13dbed7624,e8660079f50955367b8aad035ae85c13dbed7624,2013-01-19 18:50:03,2013-01-20 12:44:49,thomas-mcdonald
283,parndt,trisweb,1,64fedeefd2a72ac47c5c385c5a2dd4219c8d01f1,7c8e37373ae039cda7d98f3087e7fb5c7e6aa640,7c8e37373ae039cda7d98f3087e7fb5c7e6aa640,2013-01-28 06:50:53,2013-01-28 22:21:29,trisweb
284,puffy,trisweb,1,27cf59b47ca7bcca08866738369e80b3ffe48828,48699e76dbadd346d6c4963a04dd99466e63624c,48699e76dbadd346d6c4963a04dd99466e63624c,2013-01-29 17:53:55,2013-02-05 20:55:41,thomas-mcdonald
286,sunnyrjuneja,trisweb,1,27cf59b47ca7bcca08866738369e80b3ffe48828,30974e690be216b1d797fefb4366267731f703f1,30974e690be216b1d797fefb4366267731f703f1,2013-02-04 06:36:53,2013-02-05 14:16:31,trisweb
290,trisweb,caarlos0,2,2d40e4d27b2fb7c8dcbfc40e278b4ddc6772f337,07e7ec2eacb45a5a758583835f0a81dca80ebaf8,4ce595087d4fec7b351defa08a5d4871aaba7b76,2013-02-09 17:34:08,2013-02-14 21:11:56,thomas-mcdonald
294,trisweb,None,1,1a9cf0b342b1e7606b9577934b2d3641619d0eac,5b17751454a396b1d6a1c2de493b69dfa40a6c18,5b17751454a396b1d6a1c2de493b69dfa40a6c18,2013-02-16 00:50:38,2013-02-20 00:13:46,trisweb
295,JohnAlbin,trisweb,1,1a9cf0b342b1e7606b9577934b2d3641619d0eac,dea455010660daec5a986187f2de0425d0f8a3e3,dea455010660daec5a986187f2de0425d0f8a3e3,2013-02-18 18:27:56,2013-02-20 00:14:56,trisweb
296,caarlos0,merencia,1,1a9cf0b342b1e7606b9577934b2d3641619d0eac,17db8dd12e78e30927755993370a2a769f700900,17db8dd12e78e30927755993370a2a769f700900,2013-02-20 00:05:02,2013-02-20 00:12:49,trisweb
300,gabceb,thomas-mcdonald,1,c30f985e68a22233dc532abc519043838833392e,c3dc42e36cf35cf0ed9ee0021ce2afc9693e28db,c3dc42e36cf35cf0ed9ee0021ce2afc9693e28db,2013-02-25 04:41:00,2013-02-25 10:02:32,thomas-mcdonald
311,trisweb,thomas-mcdonald,1,993dcf0ccf2d60858cd7fe6239a8982bbeef2ebf,4884e9a217c462e6c907512f1a73809c8a962a6e,4884e9a217c462e6c907512f1a73809c8a962a6e,2013-03-12 17:34:14,2013-03-16 14:49:56,thomas-mcdonald
317,fivetwentysix,trisweb,1,da8879696a9c517a41fe9e9f08aa4393b4d48125,b67e39575f749ac2cf122273eab119840c951aee,b67e39575f749ac2cf122273eab119840c951aee,2013-03-21 03:45:10,2013-03-21 12:57:27,trisweb
318,trisweb,thomas-mcdonald,2,62d239b9c0649bf584e3f5a88835ac22e981e9a1,2be2d7d13074d16ea6ca0856cc298dcc6146c449,3e40c4caea4a7324107ecd034feb067d50226057,2013-03-21 17:54:00,2013-03-23 22:15:48,thomas-mcdonald
329,thomas-mcdonald,archonic,1,2545963974edfc5da87f53b8db93d25d88554019,1344c58711e9ba30cbbd028908ea3fe6df73969d,1344c58711e9ba30cbbd028908ea3fe6df73969d,2013-04-13 15:08:20,2013-09-09 10:39:32,thomas-mcdonald
335,brief,thomas-mcdonald,1,9015663a8f3f53890174a0c363190d6b6192bb51,09c2d06f99c0c772e0177d61ad33b1664421a48c,09c2d06f99c0c772e0177d61ad33b1664421a48c,2013-04-27 22:31:10,2013-04-28 10:36:22,thomas-mcdonald
342,glebm,trisweb,1,abf20dae81b894fc5e03aaa006887265254277d1,26a30c1f9d60f069de1a12bcb72b128889b8701e,26a30c1f9d60f069de1a12bcb72b128889b8701e,2013-04-30 17:19:49,2013-05-02 13:27:56,thomas-mcdonald
345,Blackhawkso,thomas-mcdonald,3,0e70e17705d7de55c64f350f98801330ce5d46c4,42612aca167a9cb9154f48171c037dbf3edd978c,cf4aeeed4eb8910b5f2b3b5802f790d907659c48,2013-05-05 15:48:27,2013-05-15 14:46:10,thomas-mcdonald
365,mojavelinux,vicovictor,1,7b777b34a9543e800a7ea188f400f5885747bd1e,75b6a25d288811b1b793f673e1ab3272f602062d,75b6a25d288811b1b793f673e1ab3272f602062d,2013-05-23 21:59:06,2013-05-31 23:22:00,thomas-mcdonald
373,trisweb,thomas-mcdonald,2,41602a4c13ee344ba3d09236172878654dcff148,a14d765d15b7e1e235979a736484b9166379a3a3,91a628ffa080901cc5ea4e9ec758eb0b8a786916,2013-05-31 18:50:46,2013-05-31 22:34:42,thomas-mcdonald
391,rafaelfranca,hongliang-goudou,1,8ed40df514914d643b3d76093b1c3b3ee0559935,ea55c937e6f9709ae9bdf23d7476fe1e6be59275,ea55c937e6f9709ae9bdf23d7476fe1e6be59275,2013-07-18 14:59:22,2013-07-18 15:19:13,trisweb
392,rafaelfranca,trisweb,1,49f33be68c402f2e1f95ee0464c9b117c8cf45eb,fc423b89b07fe5fb23ef8fc0bfab6555fb6a1559,fc423b89b07fe5fb23ef8fc0bfab6555fb6a1559,2013-07-18 19:26:24,2013-07-18 19:51:45,trisweb
407,noahd1,thomas-mcdonald,1,37ce0ad97856bce7e2bd95f2f2af83505b093472,bd387bd48df54c08ec8bee25251d4c93a9aeafd8,bd387bd48df54c08ec8bee25251d4c93a9aeafd8,2013-08-09 16:45:43,2013-08-21 16:28:17,thomas-mcdonald
410,cvrebert,thomas-mcdonald,1,37ce0ad97856bce7e2bd95f2f2af83505b093472,eee63e262f30f2adf57b03befa183e3a29416162,eee63e262f30f2adf57b03befa183e3a29416162,2013-08-11 11:14:43,2013-08-11 23:10:31,thomas-mcdonald
424,glebm,thomas-mcdonald,3,08e0c86948e7b255eeab422c0927df8022a8f77e,204489259b780c71ad8ee4f0386c3fb4dfde62a8,cca6f5e121b924dc76cc923b8a82948ab8d75f70,2013-09-09 18:57:44,2013-10-06 10:22:10,thomas-mcdonald
426,nickurban,thomas-mcdonald,1,53ea52cd57898e1b2ba4e73678f1e2950d66ccd4,2e93a28adb66ee9390732773e2c02cdf987befed,2e93a28adb66ee9390732773e2c02cdf987befed,2013-09-10 20:40:04,2013-09-11 14:20:50,thomas-mcdonald
436,trisweb,thomas-mcdonald,3,c0e12a90ba3e44ab68d3f153411fba3edc400b2a,93b292571cfd3e10bfb1d903685925a707f8b0e7,87ea216a7d2ed7f56fdcdc9fc1e2a0433956cc50,2013-09-29 14:39:37,2013-10-16 11:13:16,thomas-mcdonald
446,glebm,thomas-mcdonald,2,6e21c5b1c2b32204c48b1aa8a09a47eb04d441a0,57dce4c74d7ea7be2b526b27c0ff55aff374ff9d,38d9cc238246e2edad5c04f43649f8cb64a9903f,2013-10-16 19:34:22,2013-10-16 19:47:46,thomas-mcdonald
473,glebm,ksheedlo,8,f18013eb43b1cb885ca4e5af36efb05e1059ce05,263dc713ff89de6f5784e8cfd0d22aa2bc2aaef0,cc2ec7e87c005fcb4d373891deac41c62b1e365b,2013-11-18 13:25:38,2013-12-03 12:23:17,glebm
477,walgitrus,glebm,2,efab96f854dc8b08d46297b9af313fbe815124ac,1d35e3bbb772049d74afb5c547cea509ede6c532,f18013eb43b1cb885ca4e5af36efb05e1059ce05,2013-12-03 00:33:46,2013-12-03 12:23:17,glebm
488,glebm,murtaza52,2,7f5e93f97ff8f5bfc8ed309fc940cdd723f4bbbe,3b2fc55b9557e897d2b7a6938b43eea81c67af78,1ab5022c9baa7ec1843d0cbe11e919c6f20502b5,2013-12-20 16:37:52,2013-12-24 14:06:09,glebm
499,andrew,glebm,1,eec55116010f0878f84768d85cdd4671d7977945,508748d68e42e9a822a71be68f062d167c0d9909,508748d68e42e9a822a71be68f062d167c0d9909,2014-01-14 16:01:41,2014-01-14 16:02:15,glebm
538,danielbayerlein,glebm,2,57bbed7e6f8043ca05c3df36f0d41cc3211876b8,29c8448f778137a94b1576ad75fccb72427bc937,45d50ab887cc4715352b79844158bed3b801d5f8,2014-02-22 14:26:26,2014-02-22 14:34:03,glebm
543,sindresorhus,glebm,1,d4e6501feca7efe9452f292aac34497d1533aa7a,fe142ef95d0efe54bf7e80e292a0f88dd6937824,fe142ef95d0efe54bf7e80e292a0f88dd6937824,2014-02-24 23:07:51,2014-02-25 00:06:21,glebm
546,kflorence,glebm,1,3ad23084e3526f5c2dbf066a173f1c9df45bc94e,1ca3539ad0cc09a1f3778e8e5345d873e84110cb,1ca3539ad0cc09a1f3778e8e5345d873e84110cb,2014-02-28 02:21:41,2014-02-28 07:06:00,glebm
561,mahnunchik,glebm,3,91850e6e8e69a107c01bf39e6320625bd7d8eb5b,fe708c824139f14ecbf8e359127ac5293009a664,87e8e54df534b1856deaa4086be86d6de810d069,2014-03-14 19:43:47,2014-03-14 20:36:51,glebm
565,carlosdp,glebm,1,5db7be8e096b259c4f517d23ece1100384b79a70,c624370acb30b071054db4ebc277225479736aab,c624370acb30b071054db4ebc277225479736aab,2014-03-20 01:58:55,2014-03-20 03:13:26,glebm
568,bittner,glebm,1,01fb7a1db5125e97f39392bf6cbbd65915ff79c8,734e1899bede18b5f9ffceed338122be9174c1c6,734e1899bede18b5f9ffceed338122be9174c1c6,2014-03-26 10:17:17,2014-04-10 05:28:55,glebm
574,adamakhtar,glebm,1,44d139e896a2bc1bd623f9cbcb714465ff3ed11f,0768ea4308fbe74facd3ce6f94facc1e98304208,0768ea4308fbe74facd3ce6f94facc1e98304208,2014-03-31 08:15:00,2014-04-10 05:36:25,glebm
575,djanowski,glebm,1,44d139e896a2bc1bd623f9cbcb714465ff3ed11f,f78ff3bf35b8c1b33bde0f831e0aace0af991dd4,f78ff3bf35b8c1b33bde0f831e0aace0af991dd4,2014-04-04 16:55:59,2014-04-10 05:34:15,glebm
576,danbower,glebm,1,44d139e896a2bc1bd623f9cbcb714465ff3ed11f,24f826e259f6732a8eff15e22897df24d3df96bc,24f826e259f6732a8eff15e22897df24d3df96bc,2014-04-05 17:36:11,2014-04-10 05:35:42,glebm
597,cvrebert,glebm,1,0d25afc31914c4d31a3129b1b1bc3d8fc254824b,ee14466761f30aabca72dbb1f9d9e709556fb568,ee14466761f30aabca72dbb1f9d9e709556fb568,2014-04-28 20:54:09,2014-04-29 08:41:42,glebm
600,lazyatom,glebm,1,761c802545e2cda571bfa6422f165b865c460243,ab72dcf428f6a1dd2c193f537943f05c88670ee5,ab72dcf428f6a1dd2c193f537943f05c88670ee5,2014-04-30 02:02:57,2014-04-30 11:21:30,glebm
604,nschonni,glebm,1,a1b7455f85a55914b615c0b7937371e1ec736916,2903b0c8da6be5a2ea1716ad455eca7d6dab0f10,2903b0c8da6be5a2ea1716ad455eca7d6dab0f10,2014-05-06 00:15:14,2014-05-06 00:34:32,glebm
607,owyongsk,glebm,1,f6bf2ee00c7427eec72f9a6746fa364f5cb36613,5e846a1662947541900753c3a6aa5997ad11ff3a,5e846a1662947541900753c3a6aa5997ad11ff3a,2014-05-08 10:05:59,2014-05-08 11:59:43,glebm
608,tdreyno,glebm,1,aebe38ca194faafcfbf7bbb6dfee842b09ba9e11,3cff3566bb8e9690fa197c385ddfd3b0198f07cd,3cff3566bb8e9690fa197c385ddfd3b0198f07cd,2014-05-08 16:30:32,2014-05-08 23:51:53,glebm
614,gpakosz,glebm,1,a416cb86a3ddc6906892b2c0472deea306989fea,58796c843d73407ad18d15ff56fe7c14c912f823,58796c843d73407ad18d15ff56fe7c14c912f823,2014-05-11 17:51:15,2014-05-26 16:25:11,glebm
620,synthdnb,glebm,1,a416cb86a3ddc6906892b2c0472deea306989fea,9fec7f6441d9f7481ba1303ac554013e0a4c7a11,9fec7f6441d9f7481ba1303ac554013e0a4c7a11,2014-05-22 10:17:21,2014-05-26 18:09:01,glebm
641,amitport,glebm,1,e2e70208d5c8e0f177e45b45d872ba592f987ad9,d64b551c5a2b1b9e5ee8f4fe6e540776fb596268,d64b551c5a2b1b9e5ee8f4fe6e540776fb596268,2014-06-20 16:42:18,2014-06-20 19:53:47,glebm
652,ZacharyAdams,thomas-mcdonald,1,a46d95016dd727a198ed2120c9ce4e8b2cf5e0f3,14d410a02a62e48483522935086a35b89c97167e,14d410a02a62e48483522935086a35b89c97167e,2014-07-02 14:25:48,2014-07-02 23:27:09,thomas-mcdonald
662,sbandyopadhyay,glebm,2,75a10e61bfdaf360c7a1bd97f0b50cad395f3fbb,c14f8eaefa9ccb35161fd6ddf2374a09ba767b0c,1a3726a7f97b6b7268aa02de07a81eddb1a0c6f2,2014-07-09 23:55:00,2014-07-12 15:23:32,glebm
676,igor-drozdov,glebm,1,d5625c907168b6311be122b99d89614e02448475,cd0a2985ea42216c2a41b62fb1bd1b941f3c98b0,cd0a2985ea42216c2a41b62fb1bd1b941f3c98b0,2014-07-27 06:33:19,2014-07-27 10:38:33,glebm
702,intuxicated,thomas-mcdonald,1,54317e5c02a4915e7a5def3a3e94cc2738a51ed3,5e6eeb06770756a21656416be6600be8473cad15,5e6eeb06770756a21656416be6600be8473cad15,2014-08-28 09:33:16,2014-09-02 21:33:49,glebm
705,everaldo,alexpls,1,54317e5c02a4915e7a5def3a3e94cc2738a51ed3,21bff940bec205d641a818e08fce699810277d42,21bff940bec205d641a818e08fce699810277d42,2014-08-29 20:27:08,2014-09-02 21:32:27,glebm
725,sagar-ranglani,glebm,1,359d643ecd2816ed4978ef14b3e58016585fb612,f9da77178fd5ea951852625622122f3340ab1bdc,f9da77178fd5ea951852625622122f3340ab1bdc,2014-09-18 02:56:48,2014-09-18 18:46:05,glebm
733,duaconn,glebm,1,c9f2e89f826db06e058ac2a97da4dd7fd6b10ccc,3810ecf53220708e1fae328557b6977ddd78ff66,3810ecf53220708e1fae328557b6977ddd78ff66,2014-09-27 18:06:41,2014-10-28 04:05:58,glebm
734,mikesea,thomas-mcdonald,1,c9f2e89f826db06e058ac2a97da4dd7fd6b10ccc,21c7c9b71ea18aa4ebab7ad4424ed686570c8970,21c7c9b71ea18aa4ebab7ad4424ed686570c8970,2014-10-01 16:13:03,2014-10-02 07:57:56,thomas-mcdonald
752,ixti,glebm,1,452506d6be0827ca1451e3732ce6eec9f87ce547,edd7e38f8d7ac4f7590571878a5c309651585429,edd7e38f8d7ac4f7590571878a5c309651585429,2014-10-25 23:37:26,2014-10-28 04:10:04,glebm
781,kevva,arthurvr,1,faac9f3c4d5f264643b510f7904d9e3ee50f01a9,69fbd8005ba07d4ffba949e9af6cfff05e679551,69fbd8005ba07d4ffba949e9af6cfff05e679551,2014-11-19 17:22:17,2014-11-20 12:26:32,glebm
801,aderyabin,glebm,1,d3531a6fded02ba8ecd3e2d1f987927bd414883b,e4fe66b8d93313f23a50f6adf4bd37ffb19d5372,e4fe66b8d93313f23a50f6adf4bd37ffb19d5372,2014-12-17 00:15:56,2014-12-17 14:33:44,glebm
818,cvrebert,glebm,1,f3b99eda0005cd62a8ab0b1f5df8a04ec9a7bb8d,317790bfbe0aaabcad482e38f274ffe029ca2667,317790bfbe0aaabcad482e38f274ffe029ca2667,2015-01-13 23:35:17,2015-01-14 22:11:23,glebm
826,thomas-mcdonald,glebm,18,847887b0ac523221b80cb986e5e42241bab0158a,386bf387ccabd3aec63745ec58fb828c5cd28f80,aa4484541ca6d8b83c357b4eefd236e4f0bf1b8d,2015-01-19 17:12:20,2015-01-19 17:26:27,thomas-mcdonald
835,mohnish,cvrebert,1,21098b331e67a223349d271e646ebec775ffa4d3,a0410b1968f5e088db74dee9a5c8344f7f37cdda,a0410b1968f5e088db74dee9a5c8344f7f37cdda,2015-01-26 03:10:07,2015-02-02 18:00:11,cvrebert
854,shawnacscott,glebm,1,1d355261013ad2537790af4b09a96fddbfca8545,c2a4ebb98b988b2771012e4af4096b478cefe11a,c2a4ebb98b988b2771012e4af4096b478cefe11a,2015-02-20 00:10:16,2015-02-20 00:36:22,glebm
858,cvrebert,Pheonixashed,1,d35d4bd58708c3db82aaac7b50295ff37a2d1c83,c30c8459a9b921c1181df5cfbd4940d3aaba25fd,c30c8459a9b921c1181df5cfbd4940d3aaba25fd,2015-02-27 10:30:56,2015-03-07 15:22:51,glebm
868,cvrebert,glebm,1,12584a3a0bb7b90f0c7feb988fb24ab94f75df87,812f9a471e7764224f3b7b8e911b689d877655cd,812f9a471e7764224f3b7b8e911b689d877655cd,2015-03-15 11:42:55,2015-03-15 18:08:05,glebm
915,boxofrox,glebm,1,1f269b15ff91ebe35fc04959a6e38caecb19dc4f,c7d05c1e11570e68141ec21c9db40fdbd8c4e006,c7d05c1e11570e68141ec21c9db40fdbd8c4e006,2015-06-10 16:42:08,2015-06-10 19:51:46,glebm
922,fofr,glebm,1,d64d48fd23c9624cc5c996e6516b7dc33fde5919,bf9b497538b8c74e9cb29ba8a754184ebee499dd,bf9b497538b8c74e9cb29ba8a754184ebee499dd,2015-06-18 10:27:00,2015-06-23 15:06:40,glebm
947,BobRazoswki,ptolemybarnes,1,8cd2bf8e01913aa63a3aab6107faf6462818608a,bb9d03d75085ac375d332e6b5074eb2cfd9e9686,bb9d03d75085ac375d332e6b5074eb2cfd9e9686,2015-07-27 16:47:28,2015-09-02 21:30:45,glebm
965,lucasmazza,glebm,1,f1d9a2411839cfadeb2717b578734bbab8fb458b,3e0fafa09a362e601372d078926398c59ba91d67,3e0fafa09a362e601372d078926398c59ba91d67,2015-09-11 19:47:45,2015-09-27 12:18:39,glebm
969,taki,glebm,1,f1d9a2411839cfadeb2717b578734bbab8fb458b,f6ce89fffd8dfb9b4ab5341ea12c369135a9027e,f6ce89fffd8dfb9b4ab5341ea12c369135a9027e,2015-09-27 12:10:09,2015-09-27 12:17:43,glebm
982,Nerian,glebm,1,ab4d5855e2539ff2febeafc3bfa2463485d57ca0,187814b2b27a760bfb29d9717cc9bee508f59cb9,187814b2b27a760bfb29d9717cc9bee508f59cb9,2015-11-10 16:09:25,2015-11-19 23:51:40,glebm
984,ReadmeCritic,cvrebert,1,e15eef6a47ab94b15f80d44507859e4bc08ae965,ce44bb4317a650f457faf55421ac7f1ffbd5489e,ce44bb4317a650f457faf55421ac7f1ffbd5489e,2015-11-15 03:54:00,2015-11-17 01:32:30,cvrebert
987,cvrebert,glebm,2,ab4d5855e2539ff2febeafc3bfa2463485d57ca0,7cdba1657999b625a1e7e31bb6c360d8b0f65e5c,10ee03ce84759f136ca16d1348867d1b09336c7c,2015-11-18 04:01:03,2015-11-23 08:37:42,cvrebert
993,cvrebert,glebm,1,a73cc0f0e5c794206e9a70bc0b67e67cf37c1bca,c586f8e52be5024c4441a6a33874bcadea066810,c586f8e52be5024c4441a6a33874bcadea066810,2015-12-09 07:23:13,2015-12-10 17:15:49,glebm
994,cvrebert,thomas-mcdonald,1,70f6d4de61771e65be8ff1ec23c50d33c447ce01,362dc3a081cc63a85f7fdb8939e43a2c8b803b60,362dc3a081cc63a85f7fdb8939e43a2c8b803b60,2015-12-09 07:32:56,2015-12-16 07:59:47,cvrebert
995,cvrebert,glebm,1,6add79b3e89a5c6a6c4671e58871fbe2a12768cf,cf3d10fdfb4a014a9cb16f3e01437f1f1d02f10c,cf3d10fdfb4a014a9cb16f3e01437f1f1d02f10c,2015-12-09 07:49:13,2015-12-10 17:13:57,glebm
1002,Atul9,cvrebert,1,d07b75677e830090e11a0039613e9bdc5ba65df1,422aa5cae22d58a3053228cdc16d5a4d4dc294c9,422aa5cae22d58a3053228cdc16d5a4d4dc294c9,2016-01-03 13:10:25,2016-01-18 04:34:33,cvrebert
1007,iammikecohen,cvrebert,3,31acbea483821acb726f1b4880d1452aee90367e,3d75bc2e123cf50f097ac8f7737e90d04dd7bb80,a8f7d79c704fb238ea5efe6089d8d1b17d507575,2016-01-22 16:28:14,2016-02-19 16:20:56,glebm
1018,taki,glebm,1,31acbea483821acb726f1b4880d1452aee90367e,ec53b469d71be10ba63cf39d71c96aa50680fbab,ec53b469d71be10ba63cf39d71c96aa50680fbab,2016-02-06 15:48:58,2016-02-06 16:13:07,glebm
1043,robdsoule,cvrebert,1,0a64ad76107e0363e0d504287c0f9b88c6679399,dac866db72d018e94648d197345e750e85f5b66f,dac866db72d018e94648d197345e750e85f5b66f,2016-06-09 20:32:58,2016-06-10 07:09:27,cvrebert
1051,marcofugaro,cvrebert,1,a11455f9db913675107b0029e6d6b70e6954cf44,c20c66386e2c54586eb71b219b7fba01240499a8,c20c66386e2c54586eb71b219b7fba01240499a8,2016-06-23 22:21:25,2016-06-24 06:36:44,cvrebert
1060,weeq,glebm,1,6424fb7c845880ecf56f8ac31be10e35a77f0b59,b1ad78473f9cf2dcf1c6e45c65deb2dacc624d63,b1ad78473f9cf2dcf1c6e45c65deb2dacc624d63,2016-07-22 17:15:46,2016-07-23 22:22:45,glebm
1061,cvrebert,None,1,27e7ac883193b0c7b33792c1244683bc085617a2,882b0d65614b19991265f92b48acbeca373660fd,882b0d65614b19991265f92b48acbeca373660fd,2016-07-24 00:16:03,2016-07-24 01:09:53,cvrebert
1062,cvrebert,glebm,1,d4dc758d9f79661dded7d5ab8a71cef45c9899d9,c76a4452224a85660fcf10594e97cd546140dafb,c76a4452224a85660fcf10594e97cd546140dafb,2016-07-24 01:17:10,2016-07-25 06:13:13,glebm
1063,cvrebert,glebm,1,d4dc758d9f79661dded7d5ab8a71cef45c9899d9,acc6dc4fceac29b7e64c7f69e1c086892a151866,acc6dc4fceac29b7e64c7f69e1c086892a151866,2016-07-24 01:24:24,2016-07-25 06:12:57,glebm
1141,ltfschoen,glebm,1,5d6b2ebba0c2a5885ce2f0e01e9218db3d3b5e47,1ef34115ea7aee67463a906ba371e3b2ce1902cd,1ef34115ea7aee67463a906ba371e3b2ce1902cd,2017-09-28 06:06:52,2017-09-28 08:55:52,glebm
1145,zhublik,glebm,1,9766e0321371e091c8af8251750dc5e7606e0005,b9d2bd4f3851d639d35e85d4369ac7dd05b3720d,b9d2bd4f3851d639d35e85d4369ac7dd05b3720d,2017-11-01 16:04:58,2017-11-01 16:13:03,glebm
1168,coliff,glebm,1,51486a8bd836d32b9f413e911ed83b433ef4ad39,16c5dff320ed0ddc582bfaa1f6c11ab665eb7f13,16c5dff320ed0ddc582bfaa1f6c11ab665eb7f13,2018-08-20 04:51:01,2018-08-20 07:44:25,glebm
